Industry Vertical,Use Cases,Fleet Size Focus,Special Features
Transportation Logistics,Long-haul delivery,Large enterprise,ELD HOS compliance
Government,Public works fleet management,Federal state local,Citizen Insights Public Works solution
Public Works,Salt spreaders snowplows street sweepers waste management,Government agencies,Geotab Public Works add-in (launched 2020)
Rental Leasing,Fleet management for rental companies,Enterprise,
Courier Last-Mile Delivery,Package delivery,All sizes,Route optimization
Field Sales Services,Mobile workforce,SMB to enterprise,Dispatching workflow
Construction Heavy Equipment,Equipment tracking,All sizes,AEMP integration
Food Beverage,Distribution delivery,All sizes,Temperature monitoring
Consumer Packaged Goods,Distribution,Enterprise,
Shared Mobility,Car sharing fleet management,All sizes,
Oil Gas Mining,Heavy equipment mobile assets,Enterprise,Rugged devices
Utilities,Service fleet management,Enterprise government,
Police First Responders,Emergency services,Government,Safety compliance
Buses Public Transport,Passenger transport,Government enterprise,Route management
Security,Mobile patrol,All sizes,
Waste Management,Collection vehicles,Municipal enterprise,Public Works features
Towing,Tow truck management,SMB,Dispatching
Cable Telecom,Service vehicles,Enterprise,Field service management
Fortune 500 Companies,Enterprise fleet operations,Large enterprise,Custom integration
